{
  "run_dir": "/home/jehan/ml_experiments/dnn-arithmetic/experiments/2026-03-24-architecture-sweep",
  "dataset": {
    "operation": "unsigned_multiplication",
    "bit_width": 8,
    "train_fraction": 0.75,
    "train_examples": 49152,
    "test_examples": 16384,
    "input_dim": 16,
    "target_dim": 16
  },
  "sweep": {
    "configs": [
      {
        "name": "res-r64-b128-x8",
        "residual_dim": 64,
        "inter_dim": 128,
        "num_blocks": 8
      },
      {
        "name": "res-r32-b128-x8",
        "residual_dim": 32,
        "inter_dim": 128,
        "num_blocks": 8
      },
      {
        "name": "res-r64-b256-x8",
        "residual_dim": 64,
        "inter_dim": 256,
        "num_blocks": 8
      }
    ]
  },
  "training": {
    "bit_width": 8,
    "train_fraction": 0.75,
    "steps": 6000,
    "batch_size": 256,
    "learning_rate": 0.002,
    "weight_decay": 1e-05,
    "grad_clip_norm": 1.0,
    "log_every": 100,
    "seed": 0
  },
  "results": [
    {
      "spec": {
        "name": "res-r64-b128-x8",
        "residual_dim": 64,
        "inter_dim": 128,
        "num_blocks": 8
      },
      "parameter_count": 134736,
      "train_metrics": {
        "mse": 0.0008892228943295777,
        "bit_accuracy": 0.9999351501464844,
        "exact_accuracy": 0.9991251826286316,
        "mean_abs_product_error": 0.3515625,
        "max_abs_product_error": 2048
      },
      "test_metrics": {
        "mse": 0.0022116671316325665,
        "bit_accuracy": 0.9991912841796875,
        "exact_accuracy": 0.99261474609375,
        "mean_abs_product_error": 20.42578125,
        "max_abs_product_error": 24576
      },
      "step_history": [
        100,
        200,
        300,
        400,
        500,
        600,
        700,
        800,
        900,
        1000,
        1100,
        1200,
        1300,
        1400,
        1500,
        1600,
        1700,
        1800,
        1900,
        2000,
        2100,
        2200,
        2300,
        2400,
        2500,
        2600,
        2700,
        2800,
        2900,
        3000,
        3100,
        3200,
        3300,
        3400,
        3500,
        3600,
        3700,
        3800,
        3900,
        4000,
        4100,
        4200,
        4300,
        4400,
        4500,
        4600,
        4700,
        4800,
        4900,
        5000,
        5100,
        5200,
        5300,
        5400,
        5500,
        5600,
        5700,
        5800,
        5900,
        6000
      ],
      "train_loss_history": [
        4.637335200309753,
        2.9446922540664673,
        2.5303401732444764,
        2.2123409128189087,
        1.9942362892627716,
        1.843356966972351,
        1.7240563988685609,
        1.6188056421279908,
        1.5362666463851928,
        1.4391066598892213,
        1.327808563709259,
        1.2382244277000427,
        1.163491007089615,
        1.0870134633779527,
        1.028903177380562,
        0.980231409072876,
        0.958761323094368,
        0.9144111764431,
        0.8941750389337539,
        0.8576948422193528,
        0.8417546439170838,
        0.7973498100042343,
        0.7827434039115906,
        0.7239396101236344,
        0.6928549063205719,
        0.592414990067482,
        0.5491259023547173,
        0.45117326617240905,
        0.4033126837015152,
        0.36167369812726974,
        0.31847415953874586,
        0.2743900635838509,
        0.25439546957612036,
        0.22674938842654227,
        0.21218980938196183,
        0.1902410352230072,
        0.1762716819345951,
        0.16066087193787099,
        0.14381196297705173,
        0.13172095894813537,
        0.11350249484181404,
        0.10513124734163284,
        0.09038302801549435,
        0.08238756820559502,
        0.07133954398334026,
        0.06004304274916649,
        0.0461304784193635,
        0.04090048581361771,
        0.03287995992228389,
        0.02929679537191987,
        0.024428432527929544,
        0.02303618287667632,
        0.019660774189978837,
        0.019136706329882146,
        0.017184510063380003,
        0.01706762078218162,
        0.01579670637845993,
        0.015668051922693847,
        0.0148784648347646,
        0.014690298549830914
      ],
      "test_loss_history": [
        3.1424002461135387,
        2.7363729253411293,
        2.3316969387233257,
        2.090637229382992,
        1.9217267539352179,
        1.790471337735653,
        1.670757131651044,
        1.5916112158447504,
        1.517720878124237,
        1.4387478977441788,
        1.3101537879556417,
        1.2414500918239355,
        1.1493675261735916,
        1.0952585339546204,
        1.040860635228455,
        1.0100152362138033,
        0.9873330388218164,
        0.9523572446778417,
        0.9110138118267059,
        0.8652897272258997,
        0.8816722054034472,
        0.8447020426392555,
        0.799118896946311,
        0.7826666524633765,
        0.6854300741106272,
        0.6464123111218214,
        0.5395120442844927,
        0.4779074415564537,
        0.4507433078251779,
        0.3640020187012851,
        0.3408824657090008,
        0.3192456620745361,
        0.27990933251567185,
        0.2541084794793278,
        0.2352899918332696,
        0.23641570517793298,
        0.197456450201571,
        0.19080269080586731,
        0.17495508422143757,
        0.1478689678478986,
        0.1379655875498429,
        0.12841697072144598,
        0.11166171520017087,
        0.10250451439060271,
        0.09170659375377,
        0.07514809793792665,
        0.06395754648838192,
        0.05791836848948151,
        0.05059037794126198,
        0.04708841990213841,
        0.04360630476730876,
        0.040240905102109537,
        0.0385160933365114,
        0.03776967345038429,
        0.03689708164893091,
        0.03600171851576306,
        0.03576349024660885,
        0.03522940873517655,
        0.035286884114611894,
        0.03538667209795676
      ],
      "elapsed": 20.28017649600224,
      "final_train_loss": 0.014690298549830914
    },
    {
      "spec": {
        "name": "res-r32-b128-x8",
        "residual_dim": 32,
        "inter_dim": 128,
        "num_blocks": 8
      },
      "parameter_count": 67888,
      "train_metrics": {
        "mse": 0.03533557057380676,
        "bit_accuracy": 0.949255645275116,
        "exact_accuracy": 0.40338134765625,
        "mean_abs_product_error": 166.14078776041666,
        "max_abs_product_error": 30976
      },
      "test_metrics": {
        "mse": 0.04285723716020584,
        "bit_accuracy": 0.9331092834472656,
        "exact_accuracy": 0.32635498046875,
        "mean_abs_product_error": 248.64306640625,
        "max_abs_product_error": 31104
      },
      "step_history": [
        100,
        200,
        300,
        400,
        500,
        600,
        700,
        800,
        900,
        1000,
        1100,
        1200,
        1300,
        1400,
        1500,
        1600,
        1700,
        1800,
        1900,
        2000,
        2100,
        2200,
        2300,
        2400,
        2500,
        2600,
        2700,
        2800,
        2900,
        3000,
        3100,
        3200,
        3300,
        3400,
        3500,
        3600,
        3700,
        3800,
        3900,
        4000,
        4100,
        4200,
        4300,
        4400,
        4500,
        4600,
        4700,
        4800,
        4900,
        5000,
        5100,
        5200,
        5300,
        5400,
        5500,
        5600,
        5700,
        5800,
        5900,
        6000
      ],